<annotation>
	<folder>House</folder>
	<filename>_house_10_.jpg</filename>
	<path>M:\Research\Sign Recognition\Dataset-20211204T081301Z-001\Dataset\Train\Selected\House\_house_10_.jpg</path>
	<source>
		<database>Unknown</database>
	</source>
	<size>
		<width>479</width>
		<height>457</height>
		<depth>3</depth>
	</size>
	<segmented>0</segmented>
	<object>
		<name>house</name>
		<pose>Unspecified</pose>
		<truncated>0</truncated>
		<difficult>0</difficult>
		<bndbox>
			<xmin>132</xmin>
			<ymin>248</ymin>
			<xmax>366</xmax>
			<ymax>415</ymax>
		</bndbox>
	</object>
</annotation>
