<annotation>
	<folder>House</folder>
	<filename>_house_.jpg</filename>
	<path>M:\Research\Sign Recognition\Dataset-20211204T081301Z-001\Dataset\Train\Selected\House\_house_.jpg</path>
	<source>
		<database>Unknown</database>
	</source>
	<size>
		<width>218</width>
		<height>208</height>
		<depth>1</depth>
	</size>
	<segmented>0</segmented>
	<object>
		<name>house</name>
		<pose>Unspecified</pose>
		<truncated>0</truncated>
		<difficult>0</difficult>
		<bndbox>
			<xmin>34</xmin>
			<ymin>27</ymin>
			<xmax>179</xmax>
			<ymax>155</ymax>
		</bndbox>
	</object>
</annotation>
