<annotation>
	<folder>Nose</folder>
	<filename>_nose_4.jpg</filename>
	<path>M:\Research\Sign Recognition\Dataset-20211204T081301Z-001\Dataset\Train\Selected\Nose\_nose_4.jpg</path>
	<source>
		<database>Unknown</database>
	</source>
	<size>
		<width>512</width>
		<height>502</height>
		<depth>3</depth>
	</size>
	<segmented>0</segmented>
	<object>
		<name>nose</name>
		<pose>Unspecified</pose>
		<truncated>0</truncated>
		<difficult>0</difficult>
		<bndbox>
			<xmin>67</xmin>
			<ymin>112</ymin>
			<xmax>219</xmax>
			<ymax>264</ymax>
		</bndbox>
	</object>
</annotation>
