<annotation>
	<folder>Sleep</folder>
	<filename>_sleep_5_.jpg</filename>
	<path>M:\Research\Sign Recognition\Dataset-20211204T081301Z-001\Dataset\Train\Selected\Sleep\_sleep_5_.jpg</path>
	<source>
		<database>Unknown</database>
	</source>
	<size>
		<width>539</width>
		<height>384</height>
		<depth>3</depth>
	</size>
	<segmented>0</segmented>
	<object>
		<name>sleep</name>
		<pose>Unspecified</pose>
		<truncated>0</truncated>
		<difficult>0</difficult>
		<bndbox>
			<xmin>74</xmin>
			<ymin>223</ymin>
			<xmax>239</xmax>
			<ymax>339</ymax>
		</bndbox>
	</object>
</annotation>
