<annotation>
	<folder>Sleep</folder>
	<filename>_sleep_7_.jpg</filename>
	<path>M:\Research\Sign Recognition\Dataset-20211204T081301Z-001\Dataset\Train\Selected\Sleep\_sleep_7_.jpg</path>
	<source>
		<database>Unknown</database>
	</source>
	<size>
		<width>291</width>
		<height>309</height>
		<depth>3</depth>
	</size>
	<segmented>0</segmented>
	<object>
		<name>sleep</name>
		<pose>Unspecified</pose>
		<truncated>0</truncated>
		<difficult>0</difficult>
		<bndbox>
			<xmin>146</xmin>
			<ymin>130</ymin>
			<xmax>249</xmax>
			<ymax>202</ymax>
		</bndbox>
	</object>
</annotation>
