<annotation>
	<folder>Sleep</folder>
	<filename>_sleep_3_.jpg</filename>
	<path>M:\Research\Sign Recognition\Dataset-20211204T081301Z-001\Dataset\Train\Selected\Sleep\_sleep_3_.jpg</path>
	<source>
		<database>Unknown</database>
	</source>
	<size>
		<width>386</width>
		<height>400</height>
		<depth>3</depth>
	</size>
	<segmented>0</segmented>
	<object>
		<name>sleep</name>
		<pose>Unspecified</pose>
		<truncated>0</truncated>
		<difficult>0</difficult>
		<bndbox>
			<xmin>65</xmin>
			<ymin>138</ymin>
			<xmax>182</xmax>
			<ymax>261</ymax>
		</bndbox>
	</object>
</annotation>
